Workbook

Sheet Inputs
C3: Engineering KPI Board Pack — Inputs
C5: Blue-font cells are hardcoded operational inputs; targets require Board or management approval.
C6: (Values are intentionally blank; populate only with validated actual data.)
C8: Reporting control
C9: Field | D9: Value | E9: Source / definition | F9: Data owner
C10: Reporting month | D10: e.g., 2026-08 | E10: Board reporting calendar | F10: Board Ops
C11: Data cut-off date | E11: Timestamp after which data cannot change without restatement | F11: Data/Operations
C12: Data-quality reviewer | E12: Person accountable for completeness, freshness and reconciliation | F12: CTO delegate
C13: Baseline period | E13: First approved measurement period for trend comparison | F13: CTO + Board
C16: KPI data-entry table
C17: KPI | D17: Direction | E17: Actual — prior month | F17: Actual — current month | G17: Board target | H17: Alert threshold | I17: Unit | J17: System of record
C18: Regression pass rate | D18: Higher is better | I18: % | J18: CI / JUnit
C19: SAST coverage of in-scope paths | D19: Higher is better | I19: % | J19: Local SAST + CI/SARIF
C20: Confirmed high-severity security incidents | D20: Lower is better | I20: count | J20: Incident register
C21: Open critical security-alert aging | D21: Lower is better | I21: days | J21: Security backlog
C22: Lead time for change (median) | D22: Lower is better | I22: hours/days | J22: GitHub + CI/CD
C23: Deployment frequency | D23: Higher is better | I23: releases / month | J23: GitHub Releases + CI
C24: Failed deployment recovery time (median) | D24: Lower is better | I24: hours | J24: Incident register + CI
C25: Change fail rate | D25: Lower is better | I25: % | J25: Release register + incidents
C26: Headcount vs. approved plan | D26: Higher is better | I26: % | J26: HRIS + hiring plan
C27: Time to hire (median) | D27: Lower is better | I27: days | J27: ATS
C28: Regretted attrition (rolling 12 months) | D28: Lower is better | I28: % | J28: HRIS + exit interviews
C29: Pilot-customer health score | D29: Higher is better | I29: % | J29: CRM + product telemetry + support
... C33: Unactionable AI finding rate | D33: Lower is better | I33: % | J33: Review labels + customer feedback

Sheet KPI Dashboard
C3: Engineering KPI Dashboard
C5: Formula-based month-on-month dashboard; does not calculate a status until actuals and approved thresholds are entered.
C6: (Green-font values are linked from Inputs; status formulas are black.)
C8: Scorecard
C9: KPI | D9: Direction | E9: Prior month | F9: Current month | G9: Board target | H9: Alert threshold | I9: Variance vs. target | J9: Status
C10: =Inputs!C18 | D10: =Inputs!D18 | E10: =Inputs!E18 | F10: =Inputs!F18 | G10: =Inputs!G18 | H10: =Inputs!H18 | I10: =IF(OR(NOT(ISNUMBER(F10)),NOT(ISNUMBER(G10))),"",F10-G10) | J10: =IF(OR(NOT(ISNUMBER(F10)),NOT(ISNUMBER(G10)),NOT(ISNUMBER(H10))),"DATA REQUIRED",IF(D10="Higher is better",IF(F10>=G10,"GREEN",IF(F10>=H10,"YELLOW","RED")),IF(F10<=G10,"GREEN",IF(F10<=H10,"YELLOW","RED"))))
C11: =Inputs!C19 | D11: =Inputs!D19 | E11: =Inputs!E19 | F11: =Inputs!F19 | G11: =Inputs!G19 | H11: =Inputs!H19 | I11: =IF(OR(NOT(ISNUMBER(F11)),NOT(ISNUMBER(G11))),"",F11-G11) | J11: =IF(OR(NOT(ISNUMBER(F11)),NOT(ISNUMBER(G11)),NOT(ISNUMBER(H11))),"DATA REQUIRED",IF(D11="Higher is better",IF(F11>=G11,"GREEN",IF(F11>=H11,"YELLOW","RED")),IF(F11<=G11,"GREEN",IF(F11<=H11,"YELLOW","RED"))))
C12: =Inputs!C20 | D12: =Inputs!D20 | E12: =Inputs!E20 | F12: =Inputs!F20 | G12: =Inputs!G20 | H12: =Inputs!H20 | I12: =IF(OR(NOT(ISNUMBER(F12)),NOT(ISNUMBER(G12))),"",F12-G12) | J12: =IF(OR(NOT(ISNUMBER(F12)),NOT(ISNUMBER(G12)),NOT(ISNUMBER(H12))),"DATA REQUIRED",IF(D12="Higher is better",IF(F12>=G12,"GREEN",IF(F12>=H12,"YELLOW","RED")),IF(F12<=G12,"GREEN",IF(F12<=H12,"YELLOW","RED"))))
C13: =Inputs!C21 | D13: =Inputs!D21 | E13: =Inputs!E21 | F13: =Inputs!F21 | G13: =Inputs!G21 | H13: =Inputs!H21 | I13: =IF(OR(NOT(ISNUMBER(F13)),NOT(ISNUMBER(G13))),"",F13-G13) | J13: =IF(OR(NOT(ISNUMBER(F13)),NOT(ISNUMBER(G13)),NOT(ISNUMBER(H13))),"DATA REQUIRED",IF(D13="Higher is better",IF(F13>=G13,"GREEN",IF(F13>=H13,"YELLOW","RED")),IF(F13<=G13,"GREEN",IF(F13<=H13,"YELLOW","RED"))))
C14: =Inputs!C22 | D14: =Inputs!D22 | E14: =Inputs!E22 | F14: =Inputs!F22 | G14: =Inputs!G22 | H14: =Inputs!H22 | I14: =IF(OR(NOT(ISNUMBER(F14)),NOT(ISNUMBER(G14))),"",F14-G14) | J14: =IF(OR(NOT(ISNUMBER(F14)),NOT(ISNUMBER(G14)),NOT(ISNUMBER(H14))),"DATA REQUIRED",IF(D14="Higher is better",IF(F14>=G14,"GREEN",IF(F14>=H14,"YELLOW","RED")),IF(F14<=G14,"GREEN",IF(F14<=H14,"YELLOW","RED"))))
C15: =Inputs!C23 | D15: =Inputs!D23 | E15: =Inputs!E23 | F15: =Inputs!F23 | G15: =Inputs!G23 | H15: =Inputs!H23 | I15: =IF(OR(NOT(ISNUMBER(F15)),NOT(ISNUMBER(G15))),"",F15-G15) | J15: =IF(OR(NOT(ISNUMBER(F15)),NOT(ISNUMBER(G15)),NOT(ISNUMBER(H15))),"DATA REQUIRED",IF(D15="Higher is better",IF(F15>=G15,"GREEN",IF(F15>=H15,"YELLOW","RED")),IF(F15<=G15,"GREEN",IF(F15<=H15,"YELLOW","RED"))))
C16: =Inputs!C24 | D16: =Inputs!D24 | E16: =Inputs!E24 | F16: =Inputs!F24 | G16: =Inputs!G24 | H16: =Inputs!H24 | I16: =IF(OR(NOT(ISNUMBER(F16)),NOT(ISNUMBER(G16))),"",F16-G16) | J16: =IF(OR(NOT(ISNUMBER(F16)),NOT(ISNUMBER(G16)),NOT(ISNUMBER(H16))),"DATA REQUIRED",IF(D16="Higher is better",IF(F16>=G16,"GREEN",IF(F16>=H16,"YELLOW","RED")),IF(F16<=G16,"GREEN",IF(F16<=H16,"YELLOW","RED"))))
C17: =Inputs!C25 | D17: =Inputs!D25 | E17: =Inputs!E25 | F17: =Inputs!F25 | G17: =Inputs!G25 | H17: =Inputs!H25 | I17: =IF(OR(NOT(ISNUMBER(F17)),NOT(ISNUMBER(G17))),"",F17-G17) | J17: =IF(OR(NOT(ISNUMBER(F17)),NOT(ISNUMBER(G17)),NOT(ISNUMBER(H17))),"DATA REQUIRED",IF(D17="Higher is better",IF(F17>=G17,"GREEN",IF(F17>=H17,"YELLOW","RED")),IF(F17<=G17,"GREEN",IF(F17<=H17,"YELLOW","RED"))))
C18: =Inputs!C26 | D18: =Inputs!D26 | E18: =Inputs!E26 | F18: =Inputs!F26 | G18: =Inputs!G26 | H18: =Inputs!H26 | I18: =IF(OR(NOT(ISNUMBER(F18)),NOT(ISNUMBER(G18))),"",F18-G18) | J18: =IF(OR(NOT(ISNUMBER(F18)),NOT(ISNUMBER(G18)),NOT(ISNUMBER(H18))),"DATA REQUIRED",IF(D18="Higher is better",IF(F18>=G18,"GREEN",IF(F18>=H18,"YELLOW","RED")),IF(F18<=G18,"GREEN",IF(F18<=H18,"YELLOW","RED"))))
C19: =Inputs!C27 | D19: =Inputs!D27 | E19: =Inputs!E27 | F19: =Inputs!F27 | G19: =Inputs!G27 | H19: =Inputs!H27 | I19: =IF(OR(NOT(ISNUMBER(F19)),NOT(ISNUMBER(G19))),"",F19-G19) | J19: =IF(OR(NOT(ISNUMBER(F19)),NOT(ISNUMBER(G19)),NOT(ISNUMBER(H19))),"DATA REQUIRED",IF(D19="Higher is better",IF(F19>=G19,"GREEN",IF(F19>=H19,"YELLOW","RED")),IF(F19<=G19,"GREEN",IF(F19<=H19,"YELLOW","RED"))))
C20: =Inputs!C28 | D20: =Inputs!D28 | E20: =Inputs!E28 | F20: =Inputs!F28 | G20: =Inputs!G28 | H20: =Inputs!H28 | I20: =IF(OR(NOT(ISNUMBER(F20)),NOT(ISNUMBER(G20))),"",F20-G20) | J20: =IF(OR(NOT(ISNUMBER(F20)),NOT(ISNUMBER(G20)),NOT(ISNUMBER(H20))),"DATA REQUIRED",IF(D20="Higher is better",IF(F20>=G20,"GREEN",IF(F20>=H20,"YELLOW","RED")),IF(F20<=G20,"GREEN",IF(F20<=H20,"YELLOW","RED"))))
C21: =Inputs!C29 | D21: =Inputs!D29 | E21: =Inputs!E29 | F21: =Inputs!F29 | G21: =Inputs!G29 | H21: =Inputs!H29 | I21: =IF(OR(NOT(ISNUMBER(F21)),NOT(ISNUMBER(G21))),"",F21-G21) | J21: =IF(OR(NOT(ISNUMBER(F21)),NOT(ISNUMBER(G21)),NOT(ISNUMBER(H21))),"DATA REQUIRED",IF(D21="Higher is better",IF(F21>=G21,"GREEN",IF(F21>=H21,"YELLOW","RED")),IF(F21<=G21,"GREEN",IF(F21<=H21,"YELLOW","RED"))))
... C25: =Inputs!C33 | D25: =Inputs!D33 | E25: =Inputs!E33 | F25: =Inputs!F33 | G25: =Inputs!G33 | H25: =Inputs!H33 | I25: =IF(OR(NOT(ISNUMBER(F25)),NOT(ISNUMBER(G25))),"",F25-G25) | J25: =IF(OR(NOT(ISNUMBER(F25)),NOT(ISNUMBER(G25)),NOT(ISNUMBER(H25))),"DATA REQUIRED",IF(D25="Higher is better",IF(F25>=G25,"GREEN",IF(F25>=H25,"YELLOW","RED")),IF(F25<=G25,"GREEN",IF(F25<=H25,"YELLOW","RED"))))
C29: Data governance note
C30: A GREEN status only means the entered actual met the approved threshold; it is not proof that the underlying KPI is well-defined or that the system has no risk.
C31: Review any YELLOW/RED KPI with a documented root cause, accountable owner, action date and Board decision request.

Sheet Board Pack
C3: Monthly Engineering Board Pack
C5: Decision-oriented template for the AI-Code-Reviewer Enterprise 12-month engineering roadmap.
C6: (Populate narrative fields after dashboard data quality review.)
C8: A. Executive decision log
C9: Area | D9: Status | E9: Decision requested | F9: Accountable owner | G9: Decision due | H9: Risk if delayed
C10: Release quality
C11: Security / trust
C12: Velocity / operations
C13: Hiring / capability
C14: Pilot customer / product
C17: B. KPI snapshot
C18: KPI | D18: Current month | E18: Board target | F18: Status | G18: Owner | H18: Root cause / 30-day action
C19: ='KPI Dashboard'!C10 | D19: ='KPI Dashboard'!F10 | E19: ='KPI Dashboard'!G10 | F19: ='KPI Dashboard'!J10 | G19: QA Lead
C20: ='KPI Dashboard'!C11 | D20: ='KPI Dashboard'!F11 | E20: ='KPI Dashboard'!G11 | F20: ='KPI Dashboard'!J11 | G20: Security Engineer
C21: ='KPI Dashboard'!C12 | D21: ='KPI Dashboard'!F12 | E21: ='KPI Dashboard'!G12 | F21: ='KPI Dashboard'!J12 | G21: CTO + Security
C22: ='KPI Dashboard'!C14 | D22: ='KPI Dashboard'!F14 | E22: ='KPI Dashboard'!G14 | F22: ='KPI Dashboard'!J14 | G22: Engineering Lead
C23: ='KPI Dashboard'!C15 | D23: ='KPI Dashboard'!F15 | E23: ='KPI Dashboard'!G15 | F23: ='KPI Dashboard'!J15 | G23: DevOps Lead
C24: ='KPI Dashboard'!C18 | D24: ='KPI Dashboard'!F18 | E24: ='KPI Dashboard'!G18 | F24: ='KPI Dashboard'!J18 | G24: CTO + HR
C25: ='KPI Dashboard'!C21 | D25: ='KPI Dashboard'!F21 | E25: ='KPI Dashboard'!G21 | F25: ='KPI Dashboard'!J21 | G25: Product + CS
C26: ='KPI Dashboard'!C23 | D26: ='KPI Dashboard'!F23 | E26: ='KPI Dashboard'!G23 | F26: ='KPI Dashboard'!J23 | G26: AI Lead
C29: C. Roadmap milestones and risk escalation
C30: Workstream | D30: Milestone / evidence | E30: Status | F30: Risk / dependency | G30: Corrective action | H30: Owner
C31: Engine / AI
C32: Desktop / UX
C33: Security / Trust
C34: CI/CD / Operations
C35: Talent / Team
C38: D. Meeting record
C39: Decision | D39: Owner | E39: Due date | F39: Evidence of completion | G39: Status | H39: Follow-up date
